M,Triton,Torch,Triton-TMA
128.000000,1.055520,0.216608,0.200032
256.000000,2.104768,0.263808,0.250096
512.000000,4.209088,0.407200,0.432896
1024.000000,8.116160,0.807712,0.864288
