N,Triton,Torch
128.000000,0.009888,0.020384
256.000000,0.012256,0.021760
512.000000,0.016416,0.028992
1024.000000,0.042816,0.045952
