M,Triton,Torch
128.000000,0.284224,0.216480
256.000000,0.511216,0.263744
512.000000,1.011616,0.409824
1024.000000,2.019872,0.807968
