N,Triton,Torch,Triton-TMA
128.000000,0.011968,0.020480,0.010656
256.000000,0.016160,0.021696,0.011968
512.000000,0.026016,0.028512,0.014016
1024.000000,0.142592,0.045344,0.024352
