N,Triton,Torch,Triton-TMA
128.000000,1.424696,0.823058,1.579181
256.000000,8.305552,6.195427,11.155064
512.000000,41.323191,37.744017,76.433787
1024.000000,60.214325,188.508043,355.543657
