M,Triton,Torch,Triton-TMA
128.000000,65.057519,317.675106,343.460000
256.000000,65.367433,520.507439,546.711708
512.000000,64.965999,681.957336,634.974484
1024.000000,67.462780,680.741350,636.456438
