M,Triton,Torch
128.000000,241.915477,317.581146
256.000000,268.469010,523.904250
512.000000,271.181149,661.935299
1024.000000,271.990439,681.767901
