N,Triton,Torch
128.000000,1.713359,0.823058
256.000000,11.066765,6.177178
512.000000,65.154234,36.954221
1024.000000,199.728763,187.454932
